<application>
  <component name="Trusted.Paths">
    <option name="TRUSTED_PROJECT_PATHS">
      <map>
        <entry key="$USER_HOME$/Code/service-assessment-v3" value="true" />
        <entry key="$USER_HOME$/Code/service-cms-dispatcher" value="true" />
        <entry key="$USER_HOME$/Code/service-instructor-insights" value="true" />
        <entry key="$USER_HOME$/Code/service-instructor-opportunity" value="true" />
        <entry key="$USER_HOME$/Code/service-labs" value="true" />
        <entry key="$USER_HOME$/Code/udemy-django" value="true" />
      </map>
    </option>
  </component>
  <component name="Trusted.Paths.Settings">
    <option name="TRUSTED_PATHS">
      <list>
        <option value="$USER_HOME$/Code" />
      </list>
    </option>
  </component>
</application>