<application>
  <component name="DimensionService">
    <location key="find.popup.0.0.3456.2234@192dpi" x="1256" y="348" />
    <location key="find.popup.0.0.3440.1440" x="1250" y="203" />
    <size key="find.popup.0.0.3456.2234@192dpi" width="1394" height="1080" />
    <size key="GridCell.Tab.0.left.0.0.3456.2234@192dpi" width="6716" height="744" />
    <size key="GridCell.Tab.0.center.0.0.3456.2234@192dpi" width="6716" height="744" />
    <size key="GridCell.Tab.0.right.0.0.3456.2234@192dpi" width="6716" height="744" />
    <size key="GridCell.Tab.0.bottom.0.0.3456.2234@192dpi" width="6716" height="744" />
    <size key="GridCell.Tab.1.left.0.0.3456.2234@192dpi" width="6716" height="744" />
    <size key="GridCell.Tab.1.center.0.0.3456.2234@192dpi" width="6716" height="744" />
    <size key="GridCell.Tab.1.right.0.0.3456.2234@192dpi" width="6716" height="744" />
    <size key="GridCell.Tab.1.bottom.0.0.3456.2234@192dpi" width="6716" height="744" />
    <size key="GridCell.Tab.2.left.0.0.3456.2234@192dpi" width="3292" height="628" />
    <size key="GridCell.Tab.2.center.0.0.3456.2234@192dpi" width="3292" height="628" />
    <size key="GridCell.Tab.2.right.0.0.3456.2234@192dpi" width="3292" height="628" />
    <size key="GridCell.Tab.2.bottom.0.0.3456.2234@192dpi" width="3292" height="628" />
    <size key="GridCell.Tab.0.left.0.0.3440.1440" width="3358" height="458" />
    <size key="GridCell.Tab.0.center.0.0.3440.1440" width="3358" height="458" />
    <size key="GridCell.Tab.0.right.0.0.3440.1440" width="3358" height="458" />
    <size key="GridCell.Tab.0.bottom.0.0.3440.1440" width="3358" height="458" />
    <size key="GridCell.Tab.1.left.0.0.3440.1440" width="3358" height="458" />
    <size key="GridCell.Tab.1.center.0.0.3440.1440" width="3358" height="458" />
    <size key="GridCell.Tab.1.right.0.0.3440.1440" width="3358" height="458" />
    <size key="GridCell.Tab.1.bottom.0.0.3440.1440" width="3358" height="458" />
    <size key="find.popup.0.0.3440.1440" width="649" height="556" />
    <size key="GridCell.Tab.2.left.0.0.3440.1440" width="3358" height="425" />
    <size key="GridCell.Tab.2.center.0.0.3440.1440" width="3358" height="425" />
    <size key="GridCell.Tab.2.right.0.0.3440.1440" width="3358" height="425" />
    <size key="GridCell.Tab.2.bottom.0.0.3440.1440" width="3358" height="425" />
    <size key="GridCell.Tab.3.left.0.0.3456.2234@192dpi" width="3292" height="628" />
    <size key="GridCell.Tab.3.center.0.0.3456.2234@192dpi" width="3292" height="628" />
    <size key="GridCell.Tab.3.right.0.0.3456.2234@192dpi" width="3292" height="628" />
    <size key="GridCell.Tab.3.bottom.0.0.3456.2234@192dpi" width="3292" height="628" />
    <size key="GridCell.Tab.4.left.0.0.3456.2234@192dpi" width="3292" height="628" />
    <size key="GridCell.Tab.4.center.0.0.3456.2234@192dpi" width="3292" height="628" />
    <size key="GridCell.Tab.4.right.0.0.3456.2234@192dpi" width="3292" height="628" />
    <size key="GridCell.Tab.4.bottom.0.0.3456.2234@192dpi" width="3292" height="628" />
    <size key="GridCell.Tab.5.left.0.0.3456.2234@192dpi" width="3292" height="628" />
    <size key="GridCell.Tab.5.center.0.0.3456.2234@192dpi" width="3292" height="628" />
    <size key="GridCell.Tab.5.right.0.0.3456.2234@192dpi" width="3292" height="628" />
    <size key="GridCell.Tab.5.bottom.0.0.3456.2234@192dpi" width="3292" height="628" />
    <size key="GridCell.Tab.3.left.0.0.3440.1440" width="3358" height="425" />
    <size key="GridCell.Tab.3.center.0.0.3440.1440" width="3358" height="425" />
    <size key="GridCell.Tab.3.right.0.0.3440.1440" width="3358" height="425" />
    <size key="GridCell.Tab.3.bottom.0.0.3440.1440" width="3358" height="425" />
    <size key="GridCell.Tab.4.left.0.0.3440.1440" width="3358" height="425" />
    <size key="GridCell.Tab.4.center.0.0.3440.1440" width="3358" height="425" />
    <size key="GridCell.Tab.4.right.0.0.3440.1440" width="3358" height="425" />
    <size key="GridCell.Tab.4.bottom.0.0.3440.1440" width="3358" height="425" />
    <size key="GridCell.Tab.5.left.0.0.3440.1440" width="3358" height="425" />
    <size key="GridCell.Tab.5.center.0.0.3440.1440" width="3358" height="425" />
    <size key="GridCell.Tab.5.right.0.0.3440.1440" width="3358" height="425" />
    <size key="GridCell.Tab.5.bottom.0.0.3440.1440" width="3358" height="425" />
    <size key="GridCell.Tab.1.left.0.0.3440.1440@144dpi" width="3316" height="404" />
    <size key="GridCell.Tab.1.center.0.0.3440.1440@144dpi" width="3316" height="404" />
    <size key="GridCell.Tab.1.right.0.0.3440.1440@144dpi" width="3316" height="404" />
    <size key="GridCell.Tab.1.bottom.0.0.3440.1440@144dpi" width="3316" height="404" />
    <size key="GridCell.Tab.2.left.0.0.3440.1440@144dpi" width="3316" height="404" />
    <size key="GridCell.Tab.2.center.0.0.3440.1440@144dpi" width="3316" height="404" />
    <size key="GridCell.Tab.2.right.0.0.3440.1440@144dpi" width="3316" height="404" />
    <size key="GridCell.Tab.2.bottom.0.0.3440.1440@144dpi" width="3316" height="404" />
    <size key="GridCell.Tab.0.left.0.0.3440.1440@144dpi" width="3316" height="404" />
    <size key="GridCell.Tab.0.center.0.0.3440.1440@144dpi" width="3316" height="404" />
    <size key="GridCell.Tab.0.right.0.0.3440.1440@144dpi" width="3316" height="404" />
    <size key="GridCell.Tab.0.bottom.0.0.3440.1440@144dpi" width="3316" height="404" />
    <size key="GridCell.Tab.3.left.0.0.3440.1440@144dpi" width="3316" height="404" />
    <size key="GridCell.Tab.3.center.0.0.3440.1440@144dpi" width="3316" height="404" />
    <size key="GridCell.Tab.3.right.0.0.3440.1440@144dpi" width="3316" height="404" />
    <size key="GridCell.Tab.3.bottom.0.0.3440.1440@144dpi" width="3316" height="404" />
    <size key="GridCell.Tab.4.left.0.0.3440.1440@144dpi" width="3316" height="404" />
    <size key="GridCell.Tab.4.center.0.0.3440.1440@144dpi" width="3316" height="404" />
    <size key="GridCell.Tab.4.right.0.0.3440.1440@144dpi" width="3316" height="404" />
    <size key="GridCell.Tab.4.bottom.0.0.3440.1440@144dpi" width="3316" height="404" />
    <size key="GridCell.Tab.5.left.0.0.3440.1440@144dpi" width="3316" height="404" />
    <size key="GridCell.Tab.5.center.0.0.3440.1440@144dpi" width="3316" height="404" />
    <size key="GridCell.Tab.5.right.0.0.3440.1440@144dpi" width="3316" height="404" />
    <size key="GridCell.Tab.5.bottom.0.0.3440.1440@144dpi" width="3316" height="404" />
  </component>
  <component name="WindowManager">
    <frame x="164" y="77" width="1400" height="1000" />
  </component>
  <component name="WindowStateApplicationService">
    <state width="674" height="255" key="ShowUsagesActions.dimensionServiceKey" timestamp="1744199587998">
      <screen x="0" y="25" width="3440" height="1415" />
    </state>
    <state width="674" height="255" key="ShowUsagesActions.dimensionServiceKey/0.25.3440.1415" timestamp="1744199587998" />
    <state x="1719" y="638" width="1593" height="853" key="WELCOME_SCREEN" timestamp="1739882078140">
      <screen x="0" y="25" width="3440" height="1415" />
    </state>
    <state x="863" y="524" width="1593" height="853" key="WELCOME_SCREEN/0.15.1728.1102" timestamp="1738399655460" />
    <state x="1719" y="638" width="1593" height="853" key="WELCOME_SCREEN/0.25.3440.1415" timestamp="1739882078140" />
    <state x="864" y="506" width="800" height="650" key="WELCOME_SCREEN/0.38.1728.1079" timestamp="1738418906895" />
  </component>
</application>